,recency,frequency,monetaryvalue,avgtransactionvalue,base_value,model_prediction
2221,0.037347957499951005,0.0034143391728866847,-3.6862207489321006e-05,0.05242413285195653,0.41851343617044295,0.5116630034877478
1228,0.0366877094306983,0.006808043447163073,0.025848310635701637,0.01914461103369831,0.41851343617044295,0.5070021107177043
1159,0.04184332855205866,0.002191594204705325,0.0013417776903952472,0.021096849918030784,0.41851343617044295,0.484986986535633
2394,0.0032434930215822534,0.003747951121185906,0.001239410105335992,0.01014298812544439,0.41851343617044295,0.4368872785439915
879,-0.006581124953663675,0.0002550121833337471,-0.016852568537433398,-0.01600423266674625,0.41851343617044295,0.3793305221959334
1783,-0.015976414697943257,0.0008751385389041389,-0.012828880058514187,-0.005515443323347426,0.41851343617044295,0.38506783662954225
1476,-0.01593413285976567,0.0025548053486272693,0.0010445998896466335,-0.002284895567499916,0.41851343617044295,0.4038938129814513
668,-0.012980721322819591,-0.0074761421774019255,-0.03745480307901744,-0.009377822887981892,0.41851343617044295,0.3512239467032221
1050,-0.010293935996378423,0.0022001693544007137,0.00847346169728553,0.014111603894343716,0.41851343617044295,0.43300473512009446
2080,-0.022278131391867646,0.009973672394116874,0.011063444659521337,0.011039542996913952,0.41851343617044295,0.4283119648291275
237,-0.013512127220164984,-0.002288629755494185,-0.012897901695105247,-0.05582170649453474,0.41851343617044295,0.3339930710051438
2119,0.00629487431862799,0.0034135026172953074,0.03172956665432139,0.010373047344110091,0.41851343617044295,0.4703244271047977
422,0.028564498760169955,0.006702133955222962,0.05092640085960738,0.03013480032561347,0.41851343617044295,0.5348412700710568
2086,0.007494835313482326,0.002985721972581814,0.008133003177499631,0.020864345669615432,0.41851343617044295,0.45799134230362215
2245,-0.009599544645971037,-0.0034468049289353075,0.020359135155158584,0.006134322681900812,0.41851343617044295,0.431960544432596
1437,-0.024177501646991003,0.006276971200932167,0.020085338505195977,0.0022917679222882723,0.41851343617044295,0.4229900121518684
2206,-0.029717696191364665,0.0030633948327886172,-0.004084560404735384,-0.04696686094990582,0.41851343617044295,0.3408077134572257
1113,0.01723227952643356,-0.0037233887270849662,0.014471053292400029,-0.006944178879966785,0.41851343617044295,0.4395492013822248
416,-0.0068325786140485435,-0.009349718451157969,-0.007516939587148954,0.017088521790210507,0.41851343617044295,0.41190272130829797
507,0.010463060117399437,-0.0053361211970332076,-0.025302874310873448,-0.0017801832922850736,0.41851343617044295,0.39655731748765066
2295,0.034216858314466664,0.0063661589315233864,0.023568560970161342,-0.014487935796641977,0.41851343617044295,0.4681770785899524
2229,0.00028317480180703567,0.0024330749703221953,9.506815840722993e-06,0.011537696597624745,0.41851343617044295,0.43277688935603764
1435,0.03579003475540958,0.004242171174628311,0.014815321489222696,0.011460821037908318,0.41851343617044295,0.48482178462761183
111,-0.0016131313864752883,-0.0034787175324527196,-0.02364543382973352,0.003713709804651444,0.41851343617044295,0.39348986322643287
800,0.028879904239365716,-0.007504697830408986,-0.01231167231737345,0.04445382078687544,0.41851343617044295,0.47203079104890167
1382,-0.03643616291228682,-0.005892765008029528,0.00606263220332039,-0.03803829695309105,0.41851343617044295,0.34420884350035597
2109,-0.008670563308915007,-0.003191093801724492,-0.0034974933660123497,-0.031023791729094228,0.41851343617044295,0.3721304939646969
610,0.0047904800384276315,0.003254056220976054,-0.01869105718113133,-0.01810656522771751,0.41851343617044295,0.3897603500209978
2274,-0.04512253629727638,0.006051849165451131,-0.004140962660676451,-0.006319194103198243,0.41851343617044295,0.368982592274743
2033,0.08285741589803365,-0.002045211536678835,0.01275699348305352,0.018814876514516073,0.41851343617044295,0.5308975105293674
93,-0.000479522982132039,0.004250067873144871,0.012230271245935,-0.025030699494018337,0.41851343617044295,0.40948355281337245
2259,0.04102357897296315,0.0036341802300012206,0.023425994206190806,0.020497199867095334,0.41851343617044295,0.5070943894466935
1717,0.021073293376466608,-0.0019666582982608817,0.00918018398238928,-0.00920269486916368,0.41851343617044295,0.4375975603618743
56,0.02237167930950818,0.013630501826992259,0.038610638859972825,-0.008960880692102364,0.41851343617044295,0.48416537547481386
1200,-0.034353710878276614,-0.001709796143550193,-0.03767449764090998,-0.055300956980354386,0.41851343617044295,0.28947447452735175
461,-0.013048289882135577,0.004632406896052999,0.0019554919509391765,8.049555726756808e-05,0.41851343617044295,0.41213354069256714
1808,-0.005519331290925038,0.005580796387584996,0.00795075449597789,0.014563922206289135,0.41851343617044295,0.44108957796936993
2252,-0.018685768762079533,0.00568675055525091,-0.01328574726023362,0.0020851795947965,0.41851343617044295,0.3943138502981772
1868,-0.015797479908942477,6.0540948397829196e-05,0.019118024119452456,-0.006603888147656107,0.41851343617044295,0.4152906331816947
781,0.015353351486046449,0.0009620931517565623,0.004624758994686999,-0.005622004749457119,0.41851343617044295,0.43383163505347583
1559,-0.017255919497620197,-8.662965708936099e-05,-0.016363916209666058,0.001642105008722865,0.41851343617044295,0.3864490758147902
1891,0.028254213682594127,0.009628779076010688,0.02488266227363056,0.03531769204812008,0.41851343617044295,0.5165967832507984
1659,-0.0024019147056969815,-0.003288606165515375,-0.0031180814964318414,-0.0016219765441201162,0.41851343617044295,0.40808285725867866
733,0.028178488243283936,0.008032144181488548,0.04269100993908068,0.020139044854659005,0.41851343617044295,0.5175541233889551
173,-0.02683745048372657,-0.002625131223030621,-0.012096895849681459,-0.0002891175722470507,0.41851343617044295,0.37666484104175724
1285,-0.0011709524209436496,0.003082727673318004,-0.003499970877674059,-0.021646053064541773,0.41851343617044295,0.3952791874806015
952,-0.017450747807888547,0.0015894706487597431,-0.023594305637234355,-0.0010160823498881655,0.41851343617044295,0.3780417710241916
817,0.02119941829725576,-0.004747738671030674,-0.013980370376593783,-0.012269602041196776,0.41851343617044295,0.4087151433788775
1720,0.03396785316726891,0.003722409834663267,0.011826950172544457,0.006520896327783703,0.41851343617044295,0.4745515456727033
1978,-0.02113837808545213,0.001396434636117192,0.00938660776024335,-0.005298401191539597,0.41851343617044295,0.40285969928981175
787,-0.0026228253479348494,0.002977971619766322,0.0025463871310057585,0.022779054982747765,0.41851343617044295,0.44419402455602797
2385,0.038061409499350704,0.006051893318144721,0.019565520161268068,0.019157989891245963,0.41851343617044295,0.5013502490404524
44,-0.013053021189771244,0.0025118345012015196,0.0014065052290243329,-0.03146666110951628,0.41851343617044295,0.3779120936013813
2266,-0.0022741942135326098,0.0031099454689683627,-0.029602090094267623,0.017802230925808543,0.41851343617044295,0.40754932825741963
324,-0.00733181781732128,0.005062884552389732,0.009476211299624993,0.008294600846493267,0.41851343617044295,0.43401531505162966
2011,0.03413492211082485,0.009396465313329827,0.003835126402336755,0.03276318198899389,0.41851343617044295,0.49864313198592825
1225,-0.030108198712769083,0.002791287847212516,0.02769172494423401,0.00672553893760778,0.41851343617044295,0.42561378918672815
1780,0.05375258145919361,0.009369675340567483,0.03811946193374752,0.00803684950733441,0.41851343617044295,0.5277920044112859
2212,0.013624607945384924,0.0004043126029864652,0.019148936780984515,0.011892728427810653,0.41851343617044295,0.4635840219276095
1825,0.004091922242660076,0.016315885439980776,0.030213776182063157,0.0546737750111788,0.41851343617044295,0.5238087950463257
979,0.0028277063672794613,-0.0005713091804500437,0.003478956556027697,-0.00017441720694478136,0.41851343617044295,0.4240743727063553
246,0.004598202991401195,0.007319027917983476,0.03394751711632125,-0.008818257635139161,0.41851343617044295,0.45555992656100974
647,0.02421406313042098,0.008481550171709387,0.023984097874272265,0.0800521667146677,0.41851343617044295,0.5552453140615132
1055,-0.0265936246370984,-0.002060829776710307,-0.01470094884170976,-0.0008924740748625481,0.41851343617044295,0.37426555884006196
1487,0.01634069889143575,0.004479386405801051,0.031026565215652228,0.022734175709992997,0.41851343617044295,0.493094262393325
1506,0.021601446452987148,-0.011281588826532242,-0.0006847967597423121,0.022308960478694642,0.41851343617044295,0.4504574575158502
179,-0.00036270416210754775,-0.0032023304310860113,-0.017039592589535458,-0.04231392955618503,0.41851343617044295,0.3555948794315289
1341,-0.024015975738038833,-0.002949158557894407,-0.0030199071668539548,-0.002753994856029749,0.41851343617044295,0.385774399851626
1688,0.0015915223327465356,-0.0034283348188546368,0.0101881490580854,0.0435729572117998,0.41851343617044295,0.47043772995422006
654,0.026538575822341953,-0.0022466902435553495,0.010809009733784479,-0.02841401665704325,0.41851343617044295,0.4252003148259708
1788,-0.003620659346343018,0.005405074080263148,0.00635969852184644,-0.002496397143477225,0.41851343617044295,0.4241611522827323
2261,-0.040986294778922454,0.0038789581453966093,-0.03934066676294606,0.011553523477086856,0.41851343617044295,0.3536189562510579
2064,0.0010489549813064514,0.00020255677882232703,-0.011537015019421233,-0.015321074086386943,0.41851343617044295,0.39290685882476356
252,0.024354673651178018,-0.006537729595183919,-0.021144244714596427,-0.002784283004584722,0.41851343617044295,0.4124018525072559
1855,0.009617540636318153,0.0014386205900154892,0.015408346605181578,-0.015639848548307782,0.41851343617044295,0.42933809545365037
296,0.008215676121617435,-0.002038976043477305,-0.0006855787854874506,-0.014973239987739362,0.41851343617044295,0.40903131747535626
637,-0.024227686847953008,-0.005554521301601199,-0.045624114757520144,-0.0274251972084312,0.41851343617044295,0.3156819160549374
2444,-0.02089250655604701,-0.002503620470743044,-0.005288662182938424,-0.010918253267227555,0.41851343617044295,0.3789103936934869
188,0.06021434623195091,0.004267872298078146,0.017660948761113106,0.00918796132245916,0.41851343617044295,0.5098445647840443
1885,0.01043267472385196,-0.005501018808536174,-0.03131851121186628,-0.0279935917880357,0.41851343617044295,0.3641329890858568
1621,0.009968475334680989,-0.0016296018095090404,0.02077070924198779,0.005974669271236053,0.41851343617044295,0.4535976882088387
361,0.007343373947514919,0.0029326361815765266,-0.03183872363719274,0.025490226974798132,0.41851343617044295,0.4224409496371398
1592,0.02289613207700313,-0.007041459568208666,-0.009871706788690062,0.007754589766191203,0.41851343617044295,0.4322509916567386
883,-0.02095441862635198,0.004223732614336768,0.007778926716928254,-0.021146278665291902,0.41851343617044295,0.3884153982100641
1196,-0.0365918358770432,-0.0016452652536099776,-0.01572453327895346,-0.014107267093640985,0.41851343617044295,0.35044453466719533
1170,-0.0037451684736879544,-0.01103945575770922,-0.02478118256221933,-0.0023733218415145528,0.41851343617044295,0.3765743075353119
218,0.03660756282959483,0.007232658974899096,0.03593255069594306,-0.011719895263668149,0.41851343617044295,0.4865663134072118
1525,0.027020374971398267,0.0034841008500370663,0.02068825160538836,-0.02548224516234768,0.41851343617044295,0.444223918434919
1860,0.015146446395665408,0.0033180943326442504,-0.005056201984261861,-0.004927919503097655,0.41851343617044295,0.4269938554113931
940,-0.010065138319041579,0.0017453272418788402,-0.014647605985664995,0.013890458424575626,0.41851343617044295,0.40943647753219087
565,-0.016269081231075688,-0.008408998163067736,-0.03188693885647808,-0.011118982651023544,0.41851343617044295,0.3508294352687979
96,-0.036180740984200384,-0.009465825235674857,-0.02633615898215794,-0.024814132417741348,0.41851343617044295,0.32171657855066843
509,0.043637828613864255,0.002453782473676256,-0.0011866631830343977,-0.011811352414879366,0.41851343617044295,0.4516070316600697
367,0.051382389618156596,0.0065865296796255276,0.04735218642723339,0.004747734301563469,0.41851343617044295,0.5285822761970219
1177,0.0035483595605910524,5.160350883670617e-05,-0.01581656613285304,0.009775666004934465,0.41851343617044295,0.41607249911195215
632,-0.017055943855011718,0.0014558778075297596,0.004595203985772968,-0.0189994111663691,0.41851343617044295,0.38850916294236487
2150,0.03300791069275874,-0.0031855561687552836,0.01566730204565829,-0.036106800756024314,0.41851343617044295,0.4278962919840804
1657,0.007540655808043084,-0.00012299902766244486,-0.016988828896865017,-0.01416878620366333,0.41851343617044295,0.39477347785029526
1584,0.013607522710517515,-0.005887288766753045,-0.017974986130939216,-0.007438520238138153,0.41851343617044295,0.4008201637451301
575,5.3172435000306e-05,-0.0073998539362219165,-0.016695994486181007,0.006927001039002789,0.41851343617044295,0.4013977612220431
251,-0.033261136390501635,-0.005827401134156389,0.009670301899277547,0.01668254172131128,0.41851343617044295,0.40577774226637375
1264,-0.06169310575533018,-0.011156503140373388,0.002683314705500379,-0.05114162187514012,0.41851343617044295,0.29720552010509965
831,0.056807129299486406,0.0007458927989500807,0.0027452245917811524,0.0203777835163055,0.41851343617044295,0.4991894663769661
420,-0.00913839812288643,0.004262859411683167,0.001472912051322055,-0.015315366286449717,0.41851343617044295,0.39979544322411203
1273,0.006852933604895952,-0.0013391488823253895,-0.02541048334671359,-0.022911664156599728,0.41851343617044295,0.3757050733897002
1652,0.0003570864707580768,-0.0023302573249384295,-0.010167600364729879,0.0005239661660016282,0.41851343617044295,0.4068966311175343
210,0.02622887970399461,-0.0005129742145800264,0.012996987404912943,0.033721230340524926,0.41851343617044295,0.49094755940529544
1116,-9.233632961695548e-05,-0.0014169792904431234,-0.02812065978323517,-0.0020707217618473805,0.41851343617044295,0.38681273900530033
1089,-0.006758463887381367,-0.005018238135853607,-0.005241311726858839,-0.020602242016539093,0.41851343617044295,0.38089318040381004
1724,0.0068093500908435085,0.005620055932449759,0.006352388315208373,0.03299205916599021,0.41851343617044295,0.4702872896749348
1377,0.028632821971550582,0.0012840513817354805,0.021094411691155984,0.03506336067533994,0.41851343617044295,0.504588081890225
620,-0.006921582391005359,0.0058762520433811,-0.0025023033639445203,0.001145660700785811,0.41851343617044295,0.41611146315965997
2168,0.006463533772039227,-0.004127681569298147,0.004222155865572858,-0.04752804774674587,0.41851343617044295,0.377543396492011
1739,-0.013349245609206264,-0.0007979301600062172,-0.029059395886288256,-0.012166245727712521,0.41851343617044295,0.3631406187872297
2299,-0.0016974396042496664,0.0004895886584563413,-0.021192731083719992,-0.01996724595177511,0.41851343617044295,0.37614560818915455
1161,-0.009048486442407012,0.0024766313450527377,-0.025578397422868875,-0.004034703341312706,0.41851343617044295,0.3823284803089071
387,0.008891623241215712,0.0018550090437202016,0.0064796647572802615,0.013910094287566607,0.41851343617044295,0.44964982750022575
1185,0.015947550672426588,-0.00092035686604504,-0.014329433767634327,-0.001166417335407459,0.41851343617044295,0.4180447788737827
1505,0.04455948425049428,-0.0006841795300715603,0.015144568754985812,0.01860140449498431,0.41851343617044295,0.49613471414083576
410,-0.03427393231017049,-0.0005904958233440993,-0.01653802742210246,-0.03856853098033753,0.41851343617044295,0.32854244963448836
1394,0.03011220774926187,0.0012947433171211743,-0.0012219749544601654,-0.022176938184929895,0.41851343617044295,0.42652147409743596
2357,-0.018135718916455518,-0.008351391260694072,-0.03150452147980104,-0.016412759189042846,0.41851343617044295,0.34410904532444947
1125,-0.006274289438006235,-0.0054460148298676354,0.006679954116189038,0.030685227705107537,0.41851343617044295,0.44415831372386566
408,0.05905419505244936,-0.0011586108667688676,0.015200627435406204,-0.004608385504106991,0.41851343617044295,0.4870012622874227
1457,0.0302750234924315,0.0027987073532131034,-0.008721480165186223,-0.002432884075642505,0.41851343617044295,0.4404328027752588
1644,-0.023672263673943233,-0.0031270252594549673,-0.00013989122911880258,-0.0256039366519326,0.41851343617044295,0.36597031935599333
1223,0.01512575731954712,0.00045314118855458216,-0.002472488947569218,0.0051391285140562105,0.41851343617044295,0.43675897424503163
1269,-0.0206642977053707,0.0011192853979082428,-0.003636560188533622,-0.005546300017740578,0.41851343617044295,0.3897855636567063
2352,0.03654194695795013,0.0032298894618725173,0.008169622793866438,0.015974421844948666,0.41851343617044295,0.4824293172290807
941,-0.006160719056351809,-0.006380548557790462,-0.02139992930635344,-0.031523065856017635,0.41851343617044295,0.3530491733939296
1790,0.017091299742241974,0.0007073062321433099,0.00806349098100327,0.018194063043338246,0.41851343617044295,0.46256959616916976
134,0.0035851646813534897,0.0001373380231234478,-0.021894695506198332,-0.025101021190494066,0.41851343617044295,0.3752402221782275
1171,-0.0036368489455344388,0.003661449694482144,0.015351941810440622,0.012900516219233396,0.41851343617044295,0.4467904949490647
1337,0.04174503899055708,0.004181113866288797,0.017134955115107004,0.014850308150635101,0.41851343617044295,0.4964248522930309
1366,-0.00411520225359709,-0.006071803762897616,-0.018712281320404145,-0.0045966361326645715,0.41851343617044295,0.3850175127008795
2322,0.01425007655092486,0.005323184600347304,0.0011732833578571445,-0.01748651708716352,0.41851343617044295,0.42177346359240875
247,-0.028182210135928473,-0.0025185981385584455,-0.005197394053757307,0.0014745897819375387,0.41851343617044295,0.38408982362413624
1423,0.034164332300570095,0.0066882384271593764,0.04685393039115297,0.004059559628367424,0.41851343617044295,0.5102794969176928
861,0.024926713788154302,-0.0042372509368578904,-0.03675618310549908,-0.041494873288247615,0.41851343617044295,0.3609518426279927
607,-0.003131772618944524,-0.0012097268356592394,0.03013216859479144,0.012038366905617295,0.41851343617044295,0.4563424722162479
527,0.0030294361316919095,0.006016734693112084,0.02312739102926571,0.09594679132052988,0.41851343617044295,0.5466337893450426
486,0.007551816632512782,0.000833280296792509,-0.015959710248425837,-0.0218953092925949,0.41851343617044295,0.3890435135587275
1364,-0.004806120409339201,0.0010173098759696587,-0.025535488927853293,-0.00126457835380279,0.41851343617044295,0.38792455835541734
782,-0.0010852227686700645,-0.009428801932226633,-0.01366104036103934,-0.015289379523455864,0.41851343617044295,0.37904899158505106
2428,-0.018480560547614003,0.0037790447381848935,0.01836609007586958,0.00651672640677134,0.41851343617044295,0.4286947368436548
1471,0.0009170942981290863,0.0006793802867105114,-0.005555646253487794,0.007182790785955149,0.41851343617044295,0.4217370552877499
1882,0.03769733015345991,-0.002101114066608716,-0.010236709111122764,0.009936359868515866,0.41851343617044295,0.45380930301468725
321,-0.002512892837548861,0.004457874982908834,-0.0012098534724646016,-0.005083418561662256,0.41851343617044295,0.41416514628167606
532,-0.002381536726752529,0.002909770897931594,0.002072295162361115,0.022586877633657423,0.41851343617044295,0.4437008431376406
1075,0.00800345257819572,0.002980474092037184,-0.007314383410121081,0.007955731674010168,0.41851343617044295,0.4301387111045649
1875,-0.008235445752361556,-0.0013338881680101623,0.024719353323089308,-0.016822779329158946,0.41851343617044295,0.4168406762440016
1616,0.022195551043187153,-0.0016975785353861284,0.005152504565558047,-0.03177542639117746,0.41851343617044295,0.4123884868526246
1502,0.023841307140974096,0.0036525159553275443,0.02953880982015107,0.036855647195188794,0.41851343617044295,0.5124017162820844
810,0.003843855371014797,0.0004823282478173496,0.014006607833362068,-0.0017188599266228265,0.41851343617044295,0.43512736769601434
1064,0.01950734160898719,0.004829619328011177,0.017448514019633876,0.006168595068374998,0.41851343617044295,0.4664675061954502
1199,-0.009020927761157508,0.0022163056139834227,0.03693473654260743,0.003124647147124051,0.41851343617044295,0.45176819771300036
1613,0.0017089366250729655,-0.012376683552720352,-0.03869409128506959,-0.007296840613562381,0.41851343617044295,0.3618547573441636
1836,0.04136363199490006,-0.0043007108091114785,0.004427556029222615,0.003256028410687577,0.41851343617044295,0.4632599417961417
178,-0.05265258746483596,-0.009293734878592658,-0.0367853504211962,-0.02892509080025775,0.41851343617044295,0.29085667260556036
1844,-0.0039414350424340225,0.006831865997337445,0.013654668564413441,0.01973916730101337,0.41851343617044295,0.45479770299077316
1128,-0.030746689857551246,-0.0014697702400735578,-0.01389371172968822,-0.010378631134299212,0.41851343617044295,0.3620246332088307
2390,0.007914302365898039,0.0036030661224504003,-0.012111205453184084,-0.008878751145966817,0.41851343617044295,0.40904084805964047
2307,-0.027706587014981778,0.005610071104856615,-0.022133748725245823,-0.008005215754601523,0.41851343617044295,0.36627795578047045
2083,-0.03512640475761145,0.0069842160134430745,-0.0315981249944889,-0.009101964631699957,0.41851343617044295,0.34967115780008573
1774,0.007974117663106881,-0.00785212554881582,-0.012011638429248706,-0.006562524666733225,0.41851343617044295,0.40006126518875207
902,-0.024402075704419986,-0.005510751841648016,-0.0010332219278279809,0.0134987218882452,0.41851343617044295,0.4010661085847922
1268,0.0012458384474666672,0.004829277904864284,0.02795795527687005,0.016795032345435175,0.41851343617044295,0.4693415401450791
100,-0.017678715398142232,-0.0033607452750584344,-0.01657643846265273,-0.017442919457826066,0.41851343617044295,0.3634546175767635
621,-0.003173003181509557,0.006893351737817284,-0.010274088864971418,0.009758110141556245,0.41851343617044295,0.4217178060033355
755,0.0261347516351816,-2.3068589653121306e-05,-0.019073598972317994,-0.012781005194847239,0.41851343617044295,0.4127705150488062
2012,-0.01062646952617797,0.0003760811329993885,-0.012688300241861725,-0.04485626204084838,0.41851343617044295,0.35071848549455426
170,-0.009485991562833078,-0.0005598060823103878,0.011688559514368535,-0.00047390817700943444,0.41851343617044295,0.4196822898626586
1451,0.006821760703751352,-0.014246797284431522,0.008542773222870892,0.005723009547727998,0.41851343617044295,0.42535418236036165
1599,0.008849888876429759,-0.0011060031114902814,0.004964016269877902,-0.007508644086919957,0.41851343617044295,0.4237126941183404
2172,0.03163010763200873,0.0010917123396939133,0.010829112467581581,-0.004584391213211347,0.41851343617044295,0.4574799773965158
518,-0.040713860837713584,-0.0031457004863477776,0.005679096605854283,0.014482957772634109,0.41851343617044295,0.39481592922486997
1564,0.007594940826529637,0.0001988114973937627,0.02640019398248114,0.003988348410493927,0.41851343617044295,0.45669573088734144
1741,0.030819918886190862,0.005292277207772713,-0.002825160390057135,0.031218191980879054,0.41851343617044295,0.48301866385522846
1736,-0.00935626787089859,-0.0017038710472843377,-0.0011646669688343536,0.015128487648835289,0.41851343617044295,0.42141711793226094
765,-0.011965359281311976,-0.0065206137610221045,-0.018433049394807312,0.004024656218898599,0.41851343617044295,0.3856190699522002
239,0.004418903693076573,0.0062954701385751835,0.007952713332924759,0.010921520847987268,0.41851343617044295,0.44810204418300675
282,-0.03372305026088725,0.004556627869169461,0.007802762356914172,0.013911412583256606,0.41851343617044295,0.41106118871889596
1742,0.032348007196269464,0.003536491163249593,-0.005512902160480735,-0.0047954532474977895,0.41851343617044295,0.4440895791219835
564,0.014600183646325603,0.011815661638029268,0.018328357522623264,0.04533610747865168,0.41851343617044295,0.5085937464560728
2007,-0.006951140507590025,0.001051264505003928,0.004211643462294887,0.032852135561115575,0.41851343617044295,0.44967733919126734
1406,-0.005801540530228522,0.012475735984844505,-0.006232846051789238,0.0019425085504190065,0.41851343617044295,0.4208972941236887
1804,-0.010535364484749152,-0.014831091072737763,-0.019660103234127747,-0.01166501406209136,0.41851343617044295,0.36182186331673694
1811,-0.01604566264359164,0.002474796396927559,-0.0033095258710818596,-0.004927786987318541,0.41851343617044295,0.39670525706537846
907,0.0059975178880995374,-0.009767742947224179,-0.03020673302737123,-0.026164028102502925,0.41851343617044295,0.35837244998144413
1047,0.029881558155320818,0.011151154990293434,0.008134798386017793,0.012115334069239907,0.41851343617044295,0.4797962817713149
1112,0.021721469418043853,0.005034655151393963,-0.00129388510613353,0.03215845760591037,0.41851343617044295,0.4761341332396576
1261,0.008663772616564529,0.0044191432267325585,-0.01749077715263411,0.009911609956543544,0.41851343617044295,0.4240171848176495
1910,-0.02733666560976417,-0.0027243701058978333,-0.03436947451074957,-0.0013899197812497733,0.41851343617044295,0.3526930061627816
1029,0.0355765734439774,0.0052744640709352095,0.01465367691263964,0.02363935906876577,0.41851343617044295,0.497657509666761
1769,0.025402343663736247,-0.00024500222760252653,0.0026678909406473396,0.032298494316855796,0.41851343617044295,0.4786371628640798
1563,0.009162150191405089,0.007911454018467339,0.016761113347820357,0.022000068040579208,0.41851343617044295,0.47434822176871494
1001,-0.019055829742355854,-0.008541386329525266,-0.01129597517545335,-0.016709002300558495,0.41851343617044295,0.36291124262255
1565,-0.04538205611526792,-0.004913612739474047,-0.0332145305020822,0.030356499630506732,0.41851343617044295,0.3653597364441255
700,0.024234147100214612,0.010371759083391226,0.08128239500991186,0.06273351821946563,0.41851343617044295,0.5971352555834263
2084,-0.022463949633092853,0.001941136627137894,0.007928603758737154,0.012886126718804007,0.41851343617044295,0.41880535364202914
2342,-7.214842749817762e-05,0.003978420206913143,0.0162015323923697,-0.0042495279842842135,0.41851343617044295,0.4343717123579434
930,0.015957424538028134,0.006352305011023418,0.00902344635600457,0.03739072530799604,0.41851343617044295,0.4872373373834951
1404,-0.03307602858672908,0.009599636719285628,0.03606106374165392,0.025550707081274594,0.41851343617044295,0.45664881512592803
1572,-0.04824156506874715,0.00246036726719467,-0.01836396362778032,0.02168006316809624,0.41851343617044295,0.3760483379092064
678,0.043701259614535956,-0.005133000394853298,-0.02207696524084895,-0.024724924368347275,0.41851343617044295,0.4102798057809294
1351,0.013995460512669524,0.002058903557044687,0.0032730045217613224,0.006084426017696387,0.41851343617044295,0.4439252307796149
495,-0.008215398605825612,-0.007394176994421286,-0.059305100282363125,-0.033455137326018305,0.41851343617044295,0.31014362296181464
211,-0.018356788063465503,-0.006301146579935448,-0.02049755773059587,-0.00870281037852692,0.41851343617044295,0.3646551334179192
599,-0.05341242157999659,-0.003839103077625623,-0.004972378967650002,0.012280790466211328,0.41851343617044295,0.36857032301138204
521,0.003480873672233429,-0.01148451492710592,-0.012057646577231936,0.018701079506936367,0.41851343617044295,0.4171532278452749
998,0.044477495116589126,0.005815244828481809,0.0245959996356396,0.014086715386220021,0.41851343617044295,0.5074888911373735
2327,0.07318131472973619,-0.001600677319293027,-0.025988203017550403,0.036723550279421036,0.41851343617044295,0.5008294208427567
472,0.01978352700913092,0.003212116820468509,0.030043653064931276,-0.0023650100827217104,0.41851343617044295,0.469187722982252
690,0.01578911955730291,0.007426642411155626,0.013767712474000292,0.011067881964554544,0.41851343617044295,0.4665647925774563
1271,0.010849870627207565,0.0037948935229360358,0.015412311348263756,-0.004863971467420925,0.41851343617044295,0.4437065402014294
812,0.06663771092993556,0.00896069902322779,0.004329866677471728,-0.006352546135458397,0.41851343617044295,0.49208916666561964
1455,0.043113112005521544,0.0021115764348360244,0.046065405853587434,0.04271398217555543,0.41851343617044295,0.5525175126399433
611,-0.0054660020797746255,-0.000517755883411155,0.014525817838439252,0.01965979987246101,0.41851343617044295,0.44671529591815745
1854,-0.017316848993141322,-0.0011954563211475032,-0.035338909957135914,-0.002139268093051214,0.41851343617044295,0.362522952805967
353,-0.017635233189721475,0.004590761689323699,-0.010110610614574397,0.0035649907055631046,0.41851343617044295,0.39892334476103386
2337,0.026935211853706276,0.002463303387485212,0.030764403814901017,0.02419664759101579,0.41851343617044295,0.5028730028175512
2117,-0.0406702677175781,-0.005562739078632148,-0.02465031035266293,-0.03986786264511465,0.41851343617044295,0.30776225637645516
2412,0.010038679859862896,0.00023335675672569778,0.018036069815279915,0.035166794945544096,0.41851343617044295,0.4819883375478555
2054,-0.03396156374175916,0.010243602883929271,0.016550993903911147,-0.008879355887693237,0.41851343617044295,0.40246711332883095
554,-0.010817556643814896,-0.004552857163798762,-0.013291848364970065,0.030392607253306777,0.41851343617044295,0.420243781251166
643,-0.0176766305838828,-0.0017032147828285815,-0.018609790123409766,-0.05140604198248184,0.41851343617044295,0.32911775869784
196,0.03839476837136317,0.007934780010182295,0.011928210240148474,0.01970193808199838,0.41851343617044295,0.4964731328741353
1723,0.005659014084812952,-0.005310319564086967,-0.01234298238712654,0.017145380975780427,0.41851343617044295,0.42366452927982284
1618,0.011742936677328543,0.006226848025689833,0.015365332107030553,-0.003679235568997683,0.41851343617044295,0.4481693174114942
1604,-0.0022341423148463948,-0.0027686987779452464,-0.014088842764831497,0.01173652602275979,0.41851343617044295,0.4111582783355796
2177,0.009546771268214798,0.0004756615616497584,0.0006171185649145628,0.015790227906909423,0.41851343617044295,0.4449432154721315
254,-0.04113320862081309,-0.0029755718520027585,0.00238911119675322,-0.04393982489229529,0.41851343617044295,0.33285394200208507
2294,0.07275718950797455,0.0026279330850957194,0.036271997254661986,0.05294541762668814,0.41851343617044295,0.5831159736448633
29,0.012202151102683275,0.001471671290928498,2.051302493782714e-05,0.008947956652045832,0.41851343617044295,0.4411557282410384
1924,0.003243868838180788,-0.005591815975130885,-0.01468736723276379,0.00758870072724676,0.41851343617044295,0.4090668225279758
435,-0.013793086012738058,-0.00023345726996922166,-0.022690268840597126,0.007917047730443301,0.41851343617044295,0.38971367177758187
528,-0.02372836430593452,0.0028719606114464115,-0.009145663967210567,-0.02134174795013678,0.41851343617044295,0.36716962055860747
208,0.020697975665680133,0.012530241284694058,0.002093571399964276,-0.008243330224577222,0.41851343617044295,0.4455918942962042
1486,-0.00800948994285136,-0.009294181549266796,-0.03390186550233921,-0.02245514050649945,0.41851343617044295,0.34485275866948617
350,0.027128730784461368,0.01776989868740202,0.0655725288882968,0.02134283492428949,0.41851343617044295,0.5503274294548927
332,-0.002990732075777487,0.002872728175498196,0.014573055148030107,-0.0012053528560500126,0.41851343617044295,0.43176313456214377
1763,0.03640428323757078,0.01001734368794132,-0.009513534934812924,0.0042187830747570845,0.41851343617044295,0.4596403112358992
259,0.015763959659743705,-0.004053762826879392,-0.0246686784443591,-0.005906463817955228,0.41851343617044295,0.39964849074099296
1255,-0.0031483492294501047,-0.005893033033134998,-0.03073129706986947,-0.023115071786669432,0.41851343617044295,0.355625685051319
1954,-0.008158789326553234,0.003940059547821875,-0.016896551516620093,-0.005961048110402771,0.41851343617044295,0.39143710676468874
2143,0.0209923881861323,0.00831770980017609,0.015147863119782414,-0.015678216154774417,0.41851343617044295,0.44729318112175936
2248,-0.015036306402616901,0.007356333225252456,-0.0023502637334604517,0.04566220429318491,0.41851343617044295,0.454145403552803
279,-0.004790356220037211,-0.0010013422620249912,0.022984644858370304,-0.004503815093121375,0.41851343617044295,0.43120256745362967
43,-0.02307713994065125,-0.0036027223093697104,-0.020935829090230982,0.012366271631690325,0.41851343617044295,0.38326401646188135
729,-0.015768945025847643,-0.0009967517342738574,-0.030670932438297313,-0.007117081690594205,0.41851343617044295,0.36395972528142995
1966,0.023348468806434538,0.0013962143132812343,-0.022283278922841418,0.01283360782021191,0.41851343617044295,0.4338084481875292
480,-0.012843682312959572,-0.0065303865279565795,0.0001045344908197876,0.002537162259031902,0.41851343617044295,0.40178106407937847
199,-0.013286747135789484,0.0005528792254335713,-0.009793809303373565,-0.02230204680454335,0.41851343617044295,0.3736837121521701
229,0.02954128704353934,0.014183987947762943,0.016061062945227605,0.00493424653504917,0.41851343617044295,0.48323402064202203
1812,-0.022952180045613203,-0.006067964366593515,-0.022939568853762467,-0.013052058383182156,0.41851343617044295,0.3535016645212916
2096,-0.009035621333678136,0.016481547396979296,0.03807363357147551,0.025982403378293384,0.41851343617044295,0.490015399183513
927,-0.0497245456269593,-0.015421050163204199,-0.0034706065001955722,-0.0233548213904578,0.41851343617044295,0.3265424124896261
1463,-0.02881463667625212,0.0034138351948786293,-0.022948754524695688,-0.013770148922412772,0.41851343617044295,0.356393731241961
485,-0.010060041418255424,0.0010491226974409073,-0.0074712957448355155,-0.0037138718481219257,0.41851343617044295,0.398317349856671
886,-0.012928881216503214,-0.0022371090804517734,-0.021363845194573513,-0.02266458195677842,0.41851343617044295,0.359319018722136
298,0.0034105112073302734,0.004936319217522396,0.0008262546189507702,-0.007019037633872358,0.41851343617044295,0.42066748358037404
809,-0.011452680504007731,-0.006182354771590326,0.002679304388948367,0.001697593740937009,0.41851343617044295,0.4052552990247303
69,0.004807858756539645,0.0007122018691006815,-0.002064780170985614,-0.030464516114443542,0.41851343617044295,0.3915042005106541
2157,0.012049989963779808,0.0033708489597484,-0.008587500896246637,-0.006329399079986615,0.41851343617044295,0.4190173751177379
440,0.006566359210628434,-0.006025266350989113,-0.019364927061469642,-0.003724282805706025,0.41851343617044295,0.3959653191629066
1017,-0.06150325204209366,-0.007875261253939243,-0.0329160560179298,0.009376336207787972,0.41851343617044295,0.3255952030642682
2187,-0.02363332495719078,0.002348882674414199,0.007321478792291601,0.0051392752460378685,0.41851343617044295,0.40968974792599583
1852,0.018208989420891157,0.017176795463237794,-0.0051274432132777294,0.015430769815393432,0.41851343617044295,0.4642025476566876
1594,0.01633914886828279,-0.013347807842037582,-0.01874233621194435,-0.004933403850955074,0.41851343617044295,0.39782903713378875
1541,-0.009786199636000675,-0.002172624102713598,-0.029404231974840513,-0.02638561724044848,0.41851343617044295,0.3507647632164397
961,-0.0005623748150537722,-0.0025190520369505975,0.016091090369627636,-0.022986884036799892,0.41851343617044295,0.40853621565126635
2243,0.05434446015533467,0.006749295277768397,0.007616441858917824,-0.008421193048925489,0.41851343617044295,0.47880244041353837
756,0.002446671679499559,-0.0008243890488665783,-0.02403632946377911,0.006933633698936319,0.41851343617044295,0.4030330230362331
478,0.014247553007880925,-0.010269196607805498,-0.030482701360087957,-0.04100559101214458,0.41851343617044295,0.35100350019828586
1355,0.0033613389672973427,0.00030532147269695997,-0.02615835901178798,-0.0039420559884456455,0.41851343617044295,0.3920796816102036
1517,0.029944245443184626,-0.003040451413107803,-0.014063520540366881,0.0046354951669127335,0.41851343617044295,0.4359892048270656
2170,-0.0017588229212196892,-0.0014166034341906197,0.016860461903197576,-0.02284672568217502,0.41851343617044295,0.4093517460360552
582,-0.007975551658746553,0.0016300668870098888,0.009552632963823271,0.02160566283902881,0.41851343617044295,0.4433262472015584
636,0.030862685634565422,-0.010009382304488099,-0.03812955277571746,-0.0020007077675836624,0.41851343617044295,0.39923647895721914
1379,-0.025239632554730634,-0.0052095160704629965,-0.02565783251891844,-0.020387978647486305,0.41851343617044295,0.3420184763788446
2048,-0.04050513983653218,-0.004238614862151735,-0.028255224252934568,-0.013251207095963764,0.41851343617044295,0.33226325012286073
2244,-0.01311281610018341,0.004996773253005813,-0.003998209823621437,-0.02294712529575918,0.41851343617044295,0.3834520582038847
2435,-0.020307278686523204,-0.0049278113886612115,-0.01932643441039545,0.003354582018655492,0.41851343617044295,0.3773064937035186
2100,0.017769047013134694,0.0003445668895437848,0.01936836211862101,0.028363865645005717,0.41851343617044295,0.48435927783674815
840,-0.01146837862477696,-0.004944447402158403,-0.016861134098871845,0.008565556546018342,0.41851343617044295,0.3938050325906541
2215,-0.006759787221890292,-0.0072808616668044125,-0.0032502638864752953,-0.04984273494723311,0.41851343617044295,0.35137978844803985
1512,-0.041305648143752476,-0.0017404187889042077,-0.008653637271563638,-0.024732329769904027,0.41851343617044295,0.3420814021963186
1622,0.01398276228137547,-0.0037036071275360883,-0.006064453591025085,0.046146954302530505,0.41851343617044295,0.46887509203578775
1655,-0.018762980526153116,-0.017999879154085647,-0.009177486894477624,-0.014869392586842878,0.41851343617044295,0.3577036970088837
694,-0.04522612776592723,-0.00418407032128016,-0.015221651663814555,-0.002243237226284691,0.41851343617044295,0.3516383491931363
999,0.030995860628099763,-0.001117124352240353,-0.011526743769500171,0.004552338621579111,0.41851343617044295,0.4414177672983813
414,0.01973161624264321,0.0006901284925697837,0.0170073695704923,0.01703891760233091,0.41851343617044295,0.4729814680784792
149,-0.0006464257927291328,0.005187783667206531,0.0917953854231746,0.056423515427741225,0.41851343617044295,0.5712736948958361
1133,0.020224377082195134,-0.004757814622098522,-0.00163127223837364,-0.03720125135136186,0.41851343617044295,0.39514747504080405
479,-0.0015502105766790918,0.0069607162174361295,0.03437228697956016,0.03657437998583191,0.41851343617044295,0.49487060877659206
1338,0.02440782348596258,1.352681065327488e-06,0.01205466150666325,0.01547392539359862,0.41851343617044295,0.4704511992377327
2057,-0.012877321637351996,-0.0014422448784898734,0.0007431787607492879,-0.03247212511683756,0.41851343617044295,0.37246492329851283
1298,0.010117975121575,0.014729660169396084,0.008432346875415532,0.036639561049378246,0.41851343617044295,0.4884329793862078
2015,0.00018815073541190942,0.008107681207693531,-0.0010521335386874853,0.0010633825802869978,0.41851343617044295,0.4268205171551479
808,0.020795778106403304,-0.006708284878804989,-0.029906257456095774,0.010174656691160635,0.41851343617044295,0.4128693286331061
790,-0.027293443603412015,-0.003903306086649536,-0.005832644492620602,-0.0031806535078794697,0.41851343617044295,0.3783033884798813
1004,0.04074214089967427,0.004747223602353187,0.020942215715549536,0.02925446154229576,0.41851343617044295,0.5141994779303157
163,0.002357986063871067,-0.007386019826808479,0.007384019204837386,-0.004086716618330683,0.41851343617044295,0.41678270499401227
1997,1.3606135471491143e-05,-0.005555357526100124,-0.005389669987125672,0.02225010723894229,0.41851343617044295,0.42983212203163096
1310,-0.011106666475097882,-0.0052235365354499665,0.013837300427330773,-0.009859519765886943,0.41851343617044295,0.40616101382133896
1876,0.0020909713234141237,0.003672708055237308,-0.009564121505245566,-0.008627179789255025,0.41851343617044295,0.4060858142545938
1178,0.02771957033299259,0.0026139049429184523,-0.005789442476598196,-0.012078873552600271,0.41851343617044295,0.43097859541715555
2420,0.05915482755219273,0.0013310113390616607,0.013131359613907989,0.016726015730164363,0.41851343617044295,0.5088566504057697
430,0.035111247149470726,0.00029374656798609067,0.024669320219836664,0.02213107936309825,0.41851343617044295,0.5007188294708347
1090,0.00521343485917896,0.003018378132619546,0.014336634242717992,0.0014986737679282668,0.41851343617044295,0.4425805571728877
49,0.03114436374089564,-0.008702566720239701,-0.037615031720415575,-0.014049959632538958,0.41851343617044295,0.38929024183814437
67,0.019884003160186695,-0.010543705722811865,-0.03404634403756063,-0.030151322324527427,0.41851343617044295,0.36365606724572974
1317,-0.01697885400033556,0.005522542748767591,0.003237539548899804,-0.01133929971983889,0.41851343617044295,0.3989553647479359
1728,0.004612440994314966,-0.005635259417758789,-0.02306950989397592,-0.002424749113342841,0.41851343617044295,0.39199635873968036
48,0.028633003335889952,0.005188585404175683,0.002768263620309881,0.02150170446562697,0.41851343617044295,0.47660499299644543
2280,0.023778477845044107,0.004346752398560056,-0.021535861558804756,0.005794925962472917,0.41851343617044295,0.43089773081771526
602,-0.00957871419348521,-0.007579324998332595,-0.03432942759820435,-0.0028696745556226234,0.41851343617044295,0.36415629482479817
1135,0.004170491398181184,0.004936551238279208,0.016267460182680226,0.023105698583531193,0.41851343617044295,0.46699363757311474
2331,0.006224984879736439,0.005856620034937805,0.002450548327033175,-0.012877559258922701,0.41851343617044295,0.4201680301532277
124,-0.003371202965718112,-0.0060993700351536975,0.04059450164073496,0.033399900940348747,0.41851343617044295,0.48303726575065487
544,0.01937775951701042,0.005334505292339599,0.003193639655073639,-0.02283070542951464,0.41851343617044295,0.42358863520535195
1398,-0.010415127262676833,-0.0038217321151751095,0.010811764381433022,0.0005246366974461126,0.41851343617044295,0.41561297787147017
1498,0.013425055889092619,0.005267337165787467,0.014569155713106739,-0.007394131659530103,0.41851343617044295,0.44438085327889965
1389,-0.022289624792756514,0.0024936571079160787,-0.006493318739521783,-0.0014341892779339105,0.41851343617044295,0.39078996046814685
471,0.01544473288799054,-0.001946261138728005,0.08881453081907238,0.020151344932819483,0.41851343617044295,0.5409777836715973
450,0.027633848159966876,-0.0035961494149887585,-0.007042226642515743,-0.005130916788548347,0.41851343617044295,0.43037799148435696
942,-0.04162399241780804,0.0002948975695471745,-0.017287804960942593,-0.03122448855840048,0.41851343617044295,0.328672047802839
1083,0.013136212369136046,-0.0010550383062218316,0.013068672567678732,0.030716983629899913,0.41851343617044295,0.4743802664309358
1494,0.030437927004531958,0.0015723620548669715,0.010051588856440504,0.010001552829708089,0.41851343617044295,0.4705768669159905
1071,-0.02510877226741286,0.0035631803883734393,-0.017404026108051765,0.01073865911210305,0.41851343617044295,0.3903024772954548
1295,0.009608051529867226,-0.002751098940425436,-0.00917380000344565,0.009506328200004646,0.41851343617044295,0.42570291695644374
2436,0.024683474291377933,-0.003460524763468129,0.00550542633915029,-0.04003368677105754,0.41851343617044295,0.4052081252664455
1103,-0.015044400705446605,0.005240276791664655,-0.006778892680958961,-0.008457737743810867,0.41851343617044295,0.39347268183189116
859,0.010362660028622486,0.005937972863030154,-0.0016977381506876553,0.006532458684159792,0.41851343617044295,0.43964878959556775
1349,0.03668403553769167,0.006396692838025047,0.015780288866772026,0.02504261310212314,0.41851343617044295,0.5024170665150548
1937,-0.031442147647758246,-0.007146951419854304,-0.020710038066572452,-0.000965826130923233,0.41851343617044295,0.35824847290533474
2138,-0.017332710788396072,0.0029612116925272856,0.005459148355948855,0.0253981387555541,0.41851343617044295,0.4349992241860771
581,0.022807806541241007,0.004385994377007592,-0.0020734143218578537,0.005578246110962937,0.41851343617044295,0.44921206887779663
240,0.07509608832253434,0.0026106146307574817,0.03898322508786805,0.027446150921605295,0.41851343617044295,0.5626495151332082
617,-0.009482499569348874,-0.0033667648208211176,-0.004224310608406085,-0.006821350007594446,0.41851343617044295,0.39461851116427243
70,0.027769643020656078,-0.007055712476867484,-0.00413404348801123,-0.022107703675610536,0.41851343617044295,0.4129856195506098
1703,-0.02388380542928644,-0.002801927108303062,0.01584324456358445,0.010673146100671146,0.41851343617044295,0.41834409429710906
1503,0.016808527333196252,0.00357402520654432,0.013342751862764998,-0.01014251522399718,0.41851343617044295,0.4420962253489513
73,0.015097029430035037,-0.0034730481003498424,-0.009858946007225313,0.005731924420178985,0.41851343617044295,0.4260103959130818
1104,0.004599820116345655,0.0013716016319085611,-0.019138122102012857,0.008217495865246748,0.41851343617044295,0.41356423168193107
2238,0.024863877261595918,-0.003718720605611452,-0.01910220243153162,0.013205021081666928,0.41851343617044295,0.4337614114765627
464,-0.019709706019202713,-0.01423955258418573,-0.03040649741240486,-0.02339585194531537,0.41851343617044295,0.3307618282093343
1567,-0.021131536047469125,-0.0033422889896610286,0.0007427970903518144,-0.02749146750429645,0.41851343617044295,0.3672909407193682
432,-0.0021575353476509917,-0.010345107313478366,-0.01209818541770801,-0.021217427507363027,0.41851343617044295,0.37269518058424256
438,0.07159858261045883,-0.00469149526739784,-0.015360370190028333,0.007056502000559703,0.41851343617044295,0.4771166553240353
1226,0.007279654220183147,0.010455454164548428,0.041956074826957776,0.021084226526982094,0.41851343617044295,0.4992888459091144
1822,0.0015255968408018816,-0.002130044353834819,-0.013835969199571991,0.030830273114770535,0.41851343617044295,0.43490329257260857
157,0.0075386094074929135,-0.0009275717094715219,-0.010966708284468041,-0.00394465269317152,0.41851343617044295,0.4102131128908248
1124,-0.0066736328600381966,-0.00352209989039693,0.03645301803255279,0.0022616447707696353,0.41851343617044295,0.44703236622333026
1950,0.0072580206864222415,-0.0016941954749199795,0.0060076387551089286,0.031108778394409457,0.41851343617044295,0.4611936785314636
1194,0.04548906788077147,0.008485080403843312,0.017677389936761757,0.06947470839440939,0.41851343617044295,0.5596396827862289
407,0.028122619733039755,-0.005527469925509649,-0.016371228131174576,-0.012406005583834485,0.41851343617044295,0.412331352262964
1207,-0.011968261034053285,-0.0008448573164059781,0.0020144087977314483,-0.07811680863735092,0.41851343617044295,0.3295979179803642
2046,-0.009150597766856663,0.013556405944254947,0.0016138208947086242,-0.029790398976692813,0.41851343617044295,0.3947426662658571
2432,-0.016207622629372052,-0.003353140562940098,-0.017000949557841524,0.004214412294750218,0.41851343617044295,0.3861661357150395
1972,0.02491005002062593,-0.005507567823442514,0.01989336528451531,-0.004935087969752203,0.41851343617044295,0.4528741956823895
51,-0.010764490080618997,0.0014197707905623247,-0.01456414954183856,-0.002813545313474606,0.41851343617044295,0.3917910220250731
2025,-0.053557907767535655,-0.0018672791222343222,-0.014964229686738691,-0.017502886752081396,0.41851343617044295,0.3306211328418529
482,0.02086238800526189,0.00512429993133992,0.0033268521032005084,0.01625636879442027,0.41851343617044295,0.4640833450046655
1099,-0.0003148066552967066,0.0034895357124696603,0.01665551726211561,-0.035558199197039356,0.41851343617044295,0.40278548329269215
1344,0.005136994292552117,-0.01043743911643105,-0.024445207742901404,-0.00197602992389875,0.41851343617044295,0.38679175367976387
1518,0.0007474431149603333,-0.003526523562723014,-0.0333490758825792,-0.0018942481831618352,0.41851343617044295,0.3804910316569392
845,-0.012293935387569946,0.0012635108285030583,0.00937884819060855,-0.0068739823533542225,0.41851343617044295,0.4099878774486304
1251,-0.002767321939318208,-0.0063561398206366,-0.005627476654699422,-0.012410100151100778,0.41851343617044295,0.39135239760468793
2231,-0.0020438889586512233,0.0002623744069569511,-5.5258842476177964e-05,-0.006069576090812916,0.41851343617044295,0.4106070866854596
1833,-0.01372235299895692,-0.009456420763053757,-0.03674141252944537,-0.002140325036671129,0.41851343617044295,0.3564529248423158
291,-0.006998786526892218,-0.000896520506212255,0.005870024335745256,0.016450523875828366,0.41851343617044295,0.4329386773489121
2368,-0.0041115910506778165,0.002513451691629598,0.005450826671512914,0.008778768908741767,0.41851343617044295,0.43114489239164944
1776,-0.022195613324220174,-0.02168748146301368,-0.03236965213156509,-0.012103765478459537,0.41851343617044295,0.33015692377318445
1192,0.010929599791634246,-0.0008255465389811434,0.003922618518845411,0.02813001162459841,0.41851343617044295,0.46067011956653986
2236,-0.0019314236694481224,0.00333680537994951,0.006283058346307371,0.003604034273812431,0.41851343617044295,0.42980591050106415
497,0.006046314726481796,0.004135732880313298,0.0015099220206320752,-0.012928247559611918,0.41851343617044295,0.41727715823825823
695,0.048448482719031745,0.012458332729183895,0.042328278959539604,0.029055408094718585,0.41851343617044295,0.5508039386729168
1137,-0.01142538430452987,-0.005961554095410975,-0.01886137697572849,-0.02491952432996186,0.41851343617044295,0.3573455964648118
2356,0.019241083043743855,0.005093689010318485,0.04634961359282897,0.01597233990309178,0.41851343617044295,0.5051701617204261
605,0.03228184601648536,0.00080437971977517,-0.008122275651039672,0.008371081430814229,0.41851343617044295,0.451848467686478
463,-0.0169237523132324,-0.005343842635702458,-0.008999193680720054,0.008447876915088273,0.41851343617044295,0.39569452445587633
1211,-0.013899658251029906,0.003649425632538623,-0.026287387791016956,0.01622950616012531,0.41851343617044295,0.39820532192106
342,-0.018183113026898356,0.007794781339034671,0.02478279927447147,0.002132462381341611,0.41851343617044295,0.43504036613839236
1642,-0.03750827991389087,-0.00165856452913431,0.002359604668818065,-0.027791980502734077,0.41851343617044295,0.35391421589350175
2098,-0.005676639850425999,-0.0027578231252846307,-0.029960446267614314,-0.001974130821545259,0.41851343617044295,0.37814439610557277
1375,0.0283689477815642,0.004283023141833837,0.034536763264295584,-0.0016105702324784943,0.41851343617044295,0.4840916001256581
299,0.05857883051074168,-0.002598160090310557,-0.010926795304767438,-0.014887876084758318,0.41851343617044295,0.44867943520134834
1771,-0.009514142174448353,0.007109599060058826,0.009947771038350766,-0.0031209093335201033,0.41851343617044295,0.4229357547608841
1176,0.00721894118723867,-0.0015188538034271914,-0.013140785369032529,0.035178543993533824,0.41851343617044295,0.4462512821787557
2312,0.05312615857845231,0.014209371744072996,0.022720166153667377,0.0325481793902145,0.41851343617044295,0.5411173120368502
522,-0.0020281444168358575,0.003528929248204804,0.02003503036001348,-0.002681744678193354,0.41851343617044295,0.437367506683632
839,-0.02393544806931459,-0.0002498441273201024,-0.015146149113788851,-0.02271144499136426,0.41851343617044295,0.3564705498686552
2131,0.015157311048387783,-0.006516372761834646,0.006912467228758033,0.004170181216977653,0.41851343617044295,0.43823702290273175
220,0.022211653562189893,-0.002197447981634468,0.06253404761002457,0.02940301368391374,0.41851343617044295,0.5304647030449366
598,0.009244532580414671,-0.0011905113911052467,-0.01324778519316169,0.004423330588979297,0.41851343617044295,0.41774300275556997
1861,0.005311359956540401,0.0034105457461919286,-0.0036031619415734894,0.00528090532279748,0.41851343617044295,0.42891308525439925
798,0.06920042125530017,0.008710790431068744,0.006420200111751911,0.0022969493293203413,0.41851343617044295,0.5051417972978841
1362,0.035380114063300425,0.0063384310226683735,0.03565508542669704,0.02373467087818426,0.41851343617044295,0.519621737561293
84,-0.028819934272833053,-0.008620833968452644,0.01025279129986302,-0.025704836741206237,0.41851343617044295,0.365620622487814
937,0.010712936967684073,0.0026935965729353484,0.020719105095049598,0.020166524761443726,0.41851343617044295,0.4728055995675557
1960,-0.00490549852627737,0.004216632215029676,0.009702601398312255,-0.03169223305558262,0.41851343617044295,0.3958349382019249
1817,-0.02032237505984085,0.0022942006679295447,0.023312266889188322,0.023949699476288513,0.41851343617044295,0.44774722814400847
109,0.003698436400809442,0.004113892953537288,0.030538392946764362,0.06305417863164621,0.41851343617044295,0.5199183371032002
354,-0.002615720915564452,0.006454748256583116,9.350138643640093e-05,0.0168257942157652,0.41851343617044295,0.43927175911366323
1027,-0.026835837519174673,0.00029649964351847303,-0.033024493868579155,-0.015021842594287592,0.41851343617044295,0.34392776183192
2156,0.006477461571230378,0.003459787840547506,0.016095063133179793,0.015169948630937142,0.41851343617044295,0.45971569734633777
290,0.02245456880889833,0.005120815537666203,0.02419973906580708,0.0742253731337405,0.41851343617044295,0.5445139327165551
1815,-0.010778003393716063,-0.005981094129165285,0.0012004532711580396,-0.017792286307012545,0.41851343617044295,0.3851625056117071
1220,0.017800432600342902,-0.007370335010855342,-0.005598074922017986,0.024558887695820885,0.41851343617044295,0.4479043465337334
613,0.026077467964496462,-0.009427814401606156,-0.0252686550571525,-0.009069039953828906,0.41851343617044295,0.40082539472235185
1632,0.038782035851181715,0.0025447318990336498,0.007279371935874223,0.022680061215214663,0.41851343617044295,0.48979963707174723
402,0.021070899609767366,0.014249524982878937,0.05791930461426091,0.03748289879600634,0.41851343617044295,0.5492360641733565
1738,-0.058089438928145685,-0.017920382708362013,-0.05411258031417674,-0.01671984435946797,0.41851343617044295,0.27167118986029054
1210,0.007880840957004693,0.0016531184331324766,-0.010067269615028636,-0.008518309435639821,0.41851343617044295,0.40946181650991165
1583,0.034500983515608825,0.003370674117722956,-0.006485214358035591,-0.033030328371969515,0.41851343617044295,0.4168695510737696
821,-0.01387271809464437,-0.00026855554729991125,-0.012768950745958137,0.02555263162837946,0.41851343617044295,0.41715584341092
2367,0.0035323631527717225,0.004085377910669195,0.007851764127262868,-0.001474517640453996,0.41851343617044295,0.43250842372069276
1010,0.019022222780695302,-0.009894537235959433,-0.0017031943277834216,-0.02312023045051319,0.41851343617044295,0.4028176969368822
212,0.004521570951001194,-0.0009700092987623065,-0.009003734443685971,0.028190223150522796,0.41851343617044295,0.4412514865295187
443,0.020486166313639843,-0.0024560759979794966,0.023926117653390973,0.0346042312055215,0.41851343617044295,0.4950738753450158
869,-0.0060977983798511555,0.007693212107551517,0.014595054533347139,0.03449906901652867,0.41851343617044295,0.4692029734480191
707,0.0015529095254169078,0.014718166771053802,0.05269337684083439,0.03238473831050214,0.41851343617044295,0.5198626276182502
1629,-0.024971333839421277,0.004142635597418121,0.016241800433563186,0.004486933502194006,0.41851343617044295,0.418413471864197
2437,0.01294695774638967,0.0004447160739073297,-0.010671007328564883,0.0240718100254162,0.41851343617044295,0.4453059126875913
965,0.005536112060290179,-0.006523848242213717,0.0034418355252273615,0.00048672636083210816,0.41851343617044295,0.4214542618745789
1091,0.0002595827557524899,-0.004823547852902265,0.017381617922292206,0.003931949458419694,0.41851343617044295,0.4352630384540051
2128,-0.026379718123644126,-0.0032325172458877206,-0.02293071318155853,-0.005353211688125157,0.41851343617044295,0.36061727593122744
1701,0.032065943720372164,0.012298714862190537,0.010712645388775855,0.028421512757668098,0.41851343617044295,0.5020122528994496
1514,-0.01730728820861259,0.010554019167066143,0.004769910809482098,0.0060687319388671316,0.41851343617044295,0.42259880987724574
18,0.012360987582433154,-0.0024281464259183847,-0.007217608439896139,-0.00137627883515961,0.41851343617044295,0.41985239005190195
1792,-0.017884340956516098,0.003256234401342226,-0.005397742658278731,0.028634618494397728,0.41851343617044295,0.42712220545138807
1653,-0.005879742400575197,-0.00014782017431571147,-0.008282318678757292,0.010089418142706563,0.41851343617044295,0.4142929730595013
1753,0.006354725114142638,-0.007910300205039675,-0.03729395098336681,-0.031060396124667024,0.41851343617044295,0.34860351397151207
1244,-0.06150197951501468,-0.005497608378427685,-0.034950225555730866,-0.004290177753500757,0.41851343617044295,0.312273444967769
1127,0.04231571875418012,0.02218525233824039,0.073564305917389,0.007613060045114253,0.41851343617044295,0.5641917732253667
2113,0.01517158172413474,0.0028274427550059045,-0.005632097181660356,0.010777683285123203,0.41851343617044295,0.44165804675304643
926,-0.0249871662681835,-0.0006857719056279166,0.006130393556450144,-0.018290247567201733,0.41851343617044295,0.38068064398588
76,0.007848838847203297,0.0067018418590669175,-0.012652217514041695,0.009320508132659597,0.41851343617044295,0.4297324074953311
1033,0.004871751241516904,0.0009730938805296318,0.019595985598716652,0.024496162525247202,0.41851343617044295,0.4684504294164533
2355,-0.019318546300346497,-0.00657445974611619,-0.03206133474435774,0.03234848015825264,0.41851343617044295,0.39290757553787514
2111,0.01612310361546406,0.016296277023502625,0.02269299558502098,0.021124524978586124,0.41851343617044295,0.49475033737301677
903,1.344306620012503e-05,0.004326780684350524,0.006096070748462808,0.019440676344165696,0.41851343617044295,0.4483904070136221
931,-0.023303202358947603,0.0024219918026938104,0.0029014170636219206,-0.0045434619136358375,0.41851343617044295,0.39599018076417525
168,-0.025867391811552808,0.0008208122655923944,0.0011130253153532976,-0.02372427790964139,0.41851343617044295,0.37085560403019446
834,0.008188970454866648,-0.006271067267807667,-0.028976895259329467,-0.003299467172982986,0.41851343617044295,0.38815497692518947
2035,0.03283425389854529,0.000524023700345424,-0.024682569163196603,-0.006722716691801907,0.41851343617044295,0.42046642791433514
1283,-0.033286701999168146,0.0063095070609415415,-0.003210737204135512,-0.014153141202405095,0.41851343617044295,0.37417236282567573
1387,-0.010423655321646947,-0.002322847429022659,0.00541432982092374,0.005000081101097748,0.41851343617044295,0.4161813443417948
1767,-0.02306182202002674,-0.016721144942712273,-0.026766346671065547,-0.017469978914741658,0.41851343617044295,0.3344941436218967
219,0.008671549713180866,-0.006292488340295677,-0.01094897865841631,-0.003930653411443928,0.41851343617044295,0.40601286547346793
445,-0.01831001347498386,-0.005057391952213948,-0.02529957506681967,-0.006071218479046365,0.41851343617044295,0.36377523719737914
1301,-0.04666109527388471,-0.007078841730253771,-0.03703277916320076,-0.0058508069017989325,0.41851343617044295,0.32188991310130477
2220,-0.035894473042280876,-0.007872920796799007,-0.035248522867113934,0.008473850039736134,0.41851343617044295,0.3479713695039853
1121,-0.0006740506924688816,-0.005875598394777626,0.0030272419157699915,0.003404720209437073,0.41851343617044295,0.4183957492084035
303,-0.012005376672022975,-0.008589940430028946,-0.022072903796724858,0.005618069043121068,0.41851343617044295,0.38146328431478727
1646,0.0175788227985322,0.01089478465495631,0.09085491247082246,0.04698598865034,0.41851343617044295,0.5848279447450939
1018,0.01565384281522711,-0.0004483811533282278,0.01713214067349327,0.010902072769531514,0.41851343617044295,0.4617531112753666
555,0.015024398782261415,0.001688629837371991,0.05140902954582998,0.017296597844542703,0.41851343617044295,0.5039320921804491
2314,0.006524635459281853,7.82641873229295e-06,-0.013140649561755709,0.03264106609596638,0.41851343617044295,0.44454631458266775
530,-0.030254486584599363,0.0025732079790759597,-0.03329773129618843,-0.0017781993531389162,0.41851343617044295,0.3557562269155922
1614,0.0014177068571007113,0.004751326498808339,0.029276661414187402,-0.005423240721720504,0.41851343617044295,0.4485358902188189
1902,-0.008207566573983058,-0.0022744390802108684,-0.020103510484332218,0.017100175763334845,0.41851343617044295,0.4050280957952517
988,0.018595067721034867,0.007362217750778654,0.018246497235159042,0.01061671629016928,0.41851343617044295,0.4733339351675848
2303,-0.014194162144558504,0.00557663676518132,-0.015193075775605393,0.03282901849859627,0.41851343617044295,0.42753185351405665
906,0.04701032844743167,-0.00046421258251939435,0.005215943361836253,-0.0055180526330514115,0.41851343617044295,0.4647574427641401
1961,0.005802751576848095,-0.0041499093532183905,-0.011525328832794913,-0.000271250860823784,0.41851343617044295,0.408369698700454
368,-0.02803042346611619,0.00030027898457774427,-0.01477919229590043,-0.01239275743442704,0.41851343617044295,0.36361134195857703
231,-0.005898103351646569,0.001665121600526618,-0.009407187053438975,0.013206425127063994,0.41851343617044295,0.418079692492948
2277,-0.018428596330413712,0.003013800330227241,-0.029176485152202076,0.01315563102172746,0.41851343617044295,0.3870777860397819
135,-0.00901992143575626,-0.0001839924490195699,-0.014132989853569597,-0.018381807980695157,0.41851343617044295,0.3767947244514024
25,0.009802703203458805,-0.00402671746112901,-0.027256859777116914,-0.007771205771859968,0.41851343617044295,0.3892613563637959
2152,-0.01258297766900796,-0.011721960599898011,-0.024555543175083586,-0.024716558086074657,0.41851343617044295,0.34493639664037873
1270,0.00021929322887444868,-0.007306029681567452,-0.016741862355484045,-0.04150554605883371,0.41851343617044295,0.3531792913034322
2055,-0.014632578010350698,-0.005651646803526092,-0.029922487350413574,-0.021818801492481724,0.41851343617044295,0.3464879225136709
1146,0.020986503831809385,-0.002860258013824932,0.0018585364190221298,0.032571584429751964,0.41851343617044295,0.4710698028372015
457,0.025883051938944846,0.0007121390027896268,-0.02739980152058706,-0.0048618225361860825,0.41851343617044295,0.4128470030554043
508,0.005445176898138016,-0.0007180836203042418,0.01980545603466453,-0.0761995540215139,0.41851343617044295,0.36684643146142737
964,-0.001005544354848098,0.0042054992327757645,-0.001145153844699962,-0.025176355263756705,0.41851343617044295,0.3953918819399139
727,0.010638801841123495,0.012213453957665479,0.05486171418044251,0.0009851004218216985,0.41851343617044295,0.4972125065714961
1044,-0.02075767446534883,-0.009771794189618958,-0.024177066848715185,-0.020561297959138757,0.41851343617044295,0.3432456027076212
192,0.026202914123568916,0.007111209430549934,0.006998707078528241,0.0031583170150406657,0.41851343617044295,0.4619845838181307
289,0.010976572618819774,-0.005215803993414738,0.0007252910378883825,0.05680604469933314,0.41851343617044295,0.4818055405330695
174,-0.017459279730173874,0.0036061802074254957,0.031209825178229948,0.021654549099621362,0.41851343617044295,0.45752471092554586
679,0.013814708478166722,0.007411683882237412,0.030372174691292456,0.007975345725863009,0.41851343617044295,0.47808734894800253
1429,-0.0013702526866109111,-0.005869713615611545,-0.008112463882935118,-0.01501128725540184,0.41851343617044295,0.3881497187298835
2417,-0.021413930946728214,0.0014743413875839906,-0.0029985807419143384,0.008796120978004182,0.41851343617044295,0.40437138684738855
618,-0.004805344490305288,-0.003655398495939153,-0.01611392036640609,-0.02989529703372682,0.41851343617044295,0.3640434757840656
1691,0.016841348889720394,-0.0007879544903698843,-0.010593528594035888,-0.01135311326070223,0.41851343617044295,0.41262018871505535
651,0.04414963475617697,0.006099148013163358,0.033060025611266614,0.06713440871913917,0.41851343617044295,0.5689566532701891
